Test ID,Tier,Surface,Module Area,Role,Preconditions,Steps,Input,Expected Result,Expectation Source,Evidence,Invariant Defended,Risk,Actual Result,Status,Evidence Level,Device/Build,Remarks
T0-01,T0,Admin panel,Activation,Admin (manage),"Two published templates of the same document type, A and B. A is active.",Open template B → Publish → Activate. Then reload the gallery.,—,"Exactly ONE template shows as active for that type, and it is B. A is no longer active. Never two, never zero.",Implementation-derived,Doc_template_service::activate() commits one complete assignment,I1,Two 'official' certificates; a school issues one document believing it issues another,,NOT TESTED,,,
T0-02,T0,Admin panel,Activation,Admin (manage),"Template A active. Two browser windows, both on template B, both published.",Click Activate in BOTH windows as close to simultaneously as you can.,—,"Afterwards exactly one template is active for that type. No state where two are active, and none where zero are.",Implementation-derived,activate() single :commit; atomicity under real contention is UNPROVEN,I1,The failure is silent and legally consequential,,NOT TESTED,,,
T0-03,T0,Admin panel,Publish gate,Admin (manage),A template with a successfully rendered proof.,Move any block by a visible amount. Do NOT re-proof. Click Publish.,—,"Publish is REFUSED, saying the design changed after the proof was rendered.",Implementation-derived,publish() compares proof.contentHash to contentHash(head),I3,A snapshot records a hash no PDF ever produced,,NOT TESTED,,,
T0-04,T0,Admin panel,Publish gate,Admin (manage),"A brand-new template, never proofed.","Attempt to publish, including via the browser console: POST to /doc_templates/publish with only templateId.",templateId only,"Refused by the SERVER, not only by a disabled button. Message names the missing proof.",Implementation-derived,publish() reads lastProof from the head; takes no proof parameter,I3 I4,A forged proof was possible before 2026-09-02,,NOT TESTED,,,
T0-05,T0,Admin panel,Immutability,Admin (manage),A template published at least twice (v1 and v2 exist).,Open version history. Attempt to alter or re-publish v1 by any route the UI offers.,—,"No route exists. v1's content, hash, font manifest and mPDF version are unchanged.",Implementation-derived,publish() refuses an existing version id; no update/delete path on documentTemplateVersions,I2,'Show me the template that produced this certificate' becomes unanswerable,,NOT TESTED,,,
T0-06,T0,Admin panel,Concurrency,Admin (edit) ×2,Two DIFFERENT users open the SAME template.,User A edits and waits for autosave. User B then edits and waits for autosave.,—,User B is told someone else saved it. B's changes are NOT saved and NOT silently merged; A's work is intact.,Implementation-derived,save() lockVersion refusal; client 409 handler keeps the draft dirty,I5,A statutory template containing text neither person approved,,NOT TESTED,,,
T0-07,T0,Admin panel,Fail-closed,Admin (edit),A template open in the designer.,Disconnect the network. Render a proof. Reconnect. Attempt to publish.,—,The proof reports FAILURE. Publish remains blocked. At no point does a failed proof appear to have succeeded.,Implementation-derived,api() throws unless r.ok AND parseable AND status!=='error'; E2E U6,I11,The codebase's standing phantom-success class,,NOT TESTED,,,
T0-08,T0,Admin panel,Tenant isolation,Admin (manage),Two schools exist. You are signed in to school 1. Obtain a template id belonging to school 2.,"From the console, POST that id to /doc_templates/save, /publish, /activate and /archive in turn.",another school's templateId,Every call is refused. School 2's template is unchanged in every respect.,Implementation-derived,Panel uses the Admin SDK and BYPASSES firestore.rules — the check must be in PHP,I8,Cross-tenant write. Automatic P0 per the ecosystem invariants,,NOT TESTED,,,
T0-09,T0,Admin panel,Authorization,Staff with Certificates: view only,An account holding view but not edit or manage.,Open Certificates. Then POST to /doc_templates/activate from the console.,a valid templateId in your own school,"The UI offers no activate control, AND the direct POST is refused by the server with a stated reason.",Implementation-derived,CAPABILITIES map + _remap(); activate requires 'manage',I12,Privilege escalation on the act that decides what a school legally issues,,NOT TESTED,,,
T0-10,T0,Admin panel,Authorization,Staff with NO Certificates permission,An account with no Certificates capability at all.,Navigate directly to /doc_templates and to /doc_templates/design/<any id>.,—,Refused/redirected. No template data is visible in the page source or any network response.,Implementation-derived,require_permission() in the constructor; _remap fail-closed,I12,,,NOT TESTED,,,
T0-11,T0,Admin panel,Data integrity,Admin (manage),A document type whose ONLY template is currently active.,Archive that template. Then look at the document-type card for that type.,—,⚑ CONTESTED. Candidate A: archiving is refused while the template is the only active one. Candidate B: it is allowed but the school is clearly warned that this type can no longer be issued.,Requirement-derived,archive() clears activeVersion with no sibling check and no warning (02-state-machine T1),I17,A school silently loses the ability to issue a statutory document,,NOT TESTED,,,
T0-12,T0,Admin panel,Recoverability,Admin (manage),A template with v4 and v5 published; v5 is active and is wrong.,Attempt to make v4 active again.,—,"⚑ CONTESTED. Candidate A: rollback is possible and v4 becomes active. Candidate B: rollback is impossible by design and the UI says so, so the only path is to publish a corrected v6.",Implementation-derived,"activate() always uses publishedVersion, never a chosen version (02-state-machine T5)",—,A bad publish cannot be undone; the school must republish under pressure,,NOT TESTED,,,
T1-01,T1,Admin panel,Persistence,Admin (edit),Signed in; the console shows NO '[zxdt] no boot payload' warning.,Open a starter. Type into a text field. Wait 3 seconds. Reload the page.,any visible text,The text is still there.,Implementation-derived,markDirty() debounced autosave -> srvSaveDraft() -> POST /doc_templates/save,I5,THE row. Before this build the designer made zero server calls and nothing was ever saved.,,NOT TESTED,,,
T1-02,T1,Admin panel,Offline detection,Admin (edit),The designer open.,Open the browser console and read the first lines logged by the page.,—,"No '[zxdt] no boot payload — running OFFLINE' warning. If it IS present, STOP: nothing is being saved and every row below is void.",Implementation-derived,designer.js BOOT/SRV block,—,A designer that silently stopped saving looks exactly like one that works,,NOT TESTED,,,
T1-03,T1,Admin panel,Library load,Admin (view),A school with at least one real template.,Open Certificates and read the template list.,—,YOUR school's templates are listed. The built-in fixtures 'TC — main letterhead' and 'Bonafide — classic' are NOT shown unless they are genuinely yours.,Implementation-derived,hydrateFromServer() replaces LIB/ACTIVE; empties on failure rather than showing fixtures,I8,"Demo data mistaken for real templates, then activated",,NOT TESTED,,,
T1-04,T1,Admin panel,Create,Admin (edit),—,Open a document type → open a classic starter → note the template id shown.,—,A template is created and its id is a server-minted {schoolId}_TPL#### — not a random 4-digit local placeholder.,Implementation-derived,createOnServer() adopts out.templateId from Doc_template_service::create(),—,A client-chosen id could collide with and overwrite an existing template,,NOT TESTED,,,
T1-05,T1,Admin panel,Proof,Admin (edit),A complete template.,Click Proof PDF and wait for it to finish.,—,"It reports a real page count, an engine version and a content hash. The proof unlocks publish.",Implementation-derived,proof_pdf() renders every declared language at p95 and records the proof,I3,,,NOT TESTED,,,
T1-06,T1,Admin panel,Publish then activate,Admin (manage),A proofed template.,Publish. Read the dialog. Decline activation. Then activate from the gallery.,—,"The dialog makes clear publishing has NOT changed what prints. Declining changes nothing. Activating changes it, in one step.",Implementation-derived,publishOnServer() then offerActivation(); separate capability grade,I1,,,NOT TESTED,,,
T1-07,T1,Admin panel,Version history,Admin (view),A template with at least one published version.,Open version history.,—,"Every published version lists its proof hash, font manifest and mPDF version.",Implementation-derived,publish() snapshot fields,I2,,,NOT TESTED,,,
T1-08,T1,Admin panel,Multilingual,Admin (edit),A template declaring English and Hindi.,Switch to हिन्दी. Then render a proof and open the produced PDF.,—,"On screen AND in the PDF, Devanagari shows joined conjuncts and correctly placed matras — not boxes, not broken clusters.",Implementation-derived,"Doc_renderer useOTL 0xFF, Lohit per script; CON-MULTILINGUAL",I6,"Automated checks prove ink on the page, not that it is READABLE",,NOT TESTED,,,
T1-09,T1,Admin panel,Asset upload,Admin (edit),A PNG school crest on disk.,Upload it as an image object. Then upload the exact same file again.,the same PNG twice,It appears both times. The second upload does not create a duplicate stored file.,Implementation-derived,upload_asset() names the file by its own content hash,—,,,NOT TESTED,,,
T2-01,T2,Admin panel,Upload validation,Admin (edit),A .txt file renamed to crest.png.,Attempt to upload it as an image.,crest.png (really text),"REFUSED, naming the real detected type. Not accepted, not silently ignored.",Implementation-derived,"upload_asset(): finfo + getimagesize, extension never trusted",I10,A .png that is really a script in a web-served directory is an RCE path,,NOT TESTED,,,
T2-02,T2,Admin panel,Upload boundary,Admin (edit),An image larger than 4 MB.,Attempt to upload it.,>4MB image,Refused with a stated size limit.,Implementation-derived,ASSET_MAX_BYTES = 4194304,—,,,NOT TESTED,,,
T2-03,T2,Admin panel,Overflow gate,Admin (edit),A template on A5 paper with a long text field.,"Set the sample to p95, fill a field far past its capacity hint, then render a proof.",very long text,The proof REFUSES with an overflow error. The text is never silently clipped in the PDF.,Implementation-derived,assertFits()/overflowFindings() measure the real rendered block,I7,Silent truncation on a legal document,,NOT TESTED,,,
T2-04,T2,Admin panel,Fail-closed field,Admin (edit),A template with a required merge field bound.,Render a proof with a sample that cannot resolve that field.,—,It fails with a named field. A blank is never printed into a statutory field.,Implementation-derived,Doc_serializer throws; CON-FAIL_CLOSED,I6,,,NOT TESTED,,,
T2-05,T2,Admin panel,Double submission,Admin (edit),A proofable template.,Click 'Render proof' twice in quick succession.,—,"The second click does nothing — the button is disabled while the first runs. Only one proof result is shown, and it is the one you watched.",Implementation-derived,proofOnServer() disables #proofRun for the duration,—,"Two renders, the later overwriting the earlier's hash",,NOT TESTED,,,
T2-06,T2,Admin panel,Unsaved-work guard,Admin (edit),A template with an edit made in the last second.,Close the tab immediately after typing.,—,The browser warns before leaving.,Implementation-derived,beforeunload guard while S.dirty,I5,The debounce window is where the screen is ahead of the server,,NOT TESTED,,,
T2-07,T2,Admin panel,Validation authority,Admin (edit),A template missing a REQUIRED contract field.,Attempt to publish. Then bypass the UI: POST directly to /doc_templates/publish.,templateId,Both refused. The server does not rely on the client's validation.,Implementation-derived,validate() server-side; publish() gates independently,I12,A constraint enforced only in the client is not enforced,,NOT TESTED,,,
T2-08,T2,Admin panel,Session expiry,Admin (edit),The designer open with unsaved changes.,"Let the session expire (or clear the session cookie), then make an edit and wait for autosave.",—,The failure is reported to you. It does not appear to save. You are not left believing your work is stored.,Implementation-derived,api() throws on a non-2xx; apiFail() toasts,I11,,,NOT TESTED,,,
T2-09,T2,Admin panel,Empty state,Admin (view),A school with NO templates for a document type.,Open that document type.,—,"A clear empty state explaining that a template must be designed, published and activated before anything can be issued. Not a blank page, not a spinner.",Requirement-derived,paintGallery() empty branch,—,,,NOT TESTED,,,
T2-10,T2,Admin panel,Large library,Admin (view),A school with many templates (30+ if you can arrange it).,Open Certificates and the gallery for the busiest type.,—,The list renders in reasonable time and remains usable.,Requirement-derived,get_templates() returns all rows for the school with no pagination,—,No pagination exists on the template list,,NOT TESTED,,,
T3-01,T3,Admin panel,Responsive,Admin (edit),The designer open.,"Narrow the window to a laptop width, then to a tablet width.",—,No horizontal page scroll. Panels and dialogs remain reachable and usable.,Requirement-derived,UX_SPEC; .zxdt is scoped CSS,—,The .att-grid collision is the precedent for utility-class leakage,,NOT TESTED,,,
T3-02,T3,Admin panel,Dialog fit,Admin (manage),A short viewport (or a laptop in landscape).,Open the publish dialog and the proof dialog.,—,Both fit. Content scrolls inside the dialog; the action buttons stay reachable without scrolling the page.,Requirement-derived,Recurring clipping bug class in this codebase,—,,,NOT TESTED,,,
T3-03,T3,Admin panel,Undo granularity,Admin (edit),A template with a text object.,"Type a whole word, then press undo ONCE.",—,The entire typing burst is undone as one entry — not one character per undo.,Implementation-derived,blur pushes one undo entry per burst; input does not,—,,,NOT TESTED,,,
T3-04,T3,Admin panel,Terminology,Admin (manage),—,Read the publish dialog and the activation dialog as if you had never seen this module.,—,It is unambiguous that publishing freezes a version and activating is what makes it print.,Requirement-derived,UX_SPEC,—,The distinction is the module's central concept,,NOT TESTED,,,
T3-05,T3,Parent app,Certificates today,Parent,A parent account on the Parent app.,Look for any way to obtain a certificate or document for your child.,—,"There is none, other than raising a Support Desk ticket under 'Certificates & Documents'. Confirms the module does not reach this surface.",Implementation-derived,"SupportFirestoreRepository.kt:80,508; no Documents route in NavGraph.kt:122-213",—,Documents the pre-issuance baseline,,NOT TESTED,,,
T0-13,T0,Admin panel,Tenant isolation,"Admin (manage), school 1","Two schools. A template id belonging to school 2 (ids are {schoolId}_TPL####, numbered from TPL0001).","From the console POST that id to /doc_templates/save, then /publish, then /activate, then /archive, then /save_block.",another school's templateId,"All five refused. School 2's template is byte-for-byte unchanged, still active, still published. The refusal message is identical to the one for a NON-EXISTENT id.",Implementation-derived,Doc_template_service::head() tenant check added 2026-09-02; identical-message test,I8,P0. Was exploitable: activating another school's template changes what they legally issue,,NOT TESTED,,,Re-test of a fixed P0. The identical-message half matters — a different message is an enumeration oracle
T0-14,T0,Admin panel,Data exposure,"Anyone, NOT signed in","A template that has been proofed at least once. Note its id, version and language.",Sign out entirely (or use a private window). Request https://<host>/uploads/<schoolId>/doctemplates/_proofs/<schoolId>_TPL####_v1_en.pdf,the constructed URL,403 or 404. The PDF does NOT download.,Implementation-derived,uploads/.htaccess denies .pdf; Apache serves static files before CI is reached,—,"P0. A rendered certificate carries the school's letterhead, crest and signature graphics",,NOT TESTED,,,"MUST BE RUN ON THE SERVER, not localhost: it only holds if AllowOverride permits .htaccess. See 07-open-questions Q7"
T0-15,T0,Admin panel,Tenant isolation,"Admin (edit), school 1",A file you know the path of under another school's uploads directory.,"Set an image object's src to a relative path reaching that file, then render a proof.",uploads/<other school>/<something>,The proof is REFUSED with an image-source error. The other school's file is not embedded.,Implementation-derived,Doc_renderer no longer seeds FCPATH.'uploads' as a default image root,I9,P1. Compounded T0-14 — the embedded file left in a downloadable PDF,,NOT TESTED,,,
T0-16,T0,Admin panel,Legacy collision,Admin (manage),An account with Certificates: manage.,Open the sidebar Certificates menu (Dashboard/Templates/Generate/Issued) and generate one certificate. Then open /doc_templates.,—,"⚑ CONTESTED. Candidate A: both systems are reachable and that is accepted for now. Candidate B: the legacy generator must be hidden or retired before the new engine is exposed, since one RBAC key grants both.",Implementation-derived,Certificates.php live and sidebar-linked (header.php:662-670); Doc_templates reuses the same key,—,P1. The legacy counter is confirmed read-increment-write and mints duplicate numbers under concurrency,,NOT TESTED,,,
T0-17,T0,Admin panel,Numbering,Admin (manage),"The legacy Certificates → Generate screen, and two browsers.",Generate a certificate in both browsers as close to simultaneously as possible. Compare the two certificate numbers.,—,⚑ CONTESTED. Expected by design: they should differ. Expected from the code: they may be IDENTICAL — the counter is a plain RTDB read-then-set whose own comment says 'best-effort atomicity'.,Implementation-derived,Certificates.php:442-450,—,"P1, pre-existing and outside the new engine — but it is the counter the Issuance Engine must NOT copy",,NOT TESTED,,,Documents the baseline the new engine replaces
